system;chip raw id;id;team name;course;result;brief;start st id;Start time;st1;time1;st2;time2;etc...
sfr;8E 2E 56 D9 EC 59 02 E0 ;222;"Гаджиев Максим";"1";OK;"31 б. за 2:02:22";241;2026-08-02 13:17:41;241;2026-08-02 13:17:41;43;2026-08-02 13:31:08;130;2026-08-02 13:48:22;57;2026-08-02 14:18:39;63;2026-08-02 14:30:54;55;2026-08-02 14:36:09;112;2026-08-02 14:59:14;240;2026-08-02 15:20:03
sfr;53 2E 56 D9 EC 59 02 E0 ;46;"Сгибнева Юлия";"1";OK;"140 б. за 3:11:06";241;2026-08-02 12:03:54;241;2026-08-02 12:03:54;56;2026-08-02 12:08:10;52;2026-08-02 12:14:08;67;2026-08-02 12:20:26;46;2026-08-02 12:24:51;53;2026-08-02 12:32:30;59;2026-08-02 12:39:13;54;2026-08-02 12:43:18;40;2026-08-02 12:47:33;41;2026-08-02 12:51:54;34;2026-08-02 12:54:33;48;2026-08-02 12:57:24;45;2026-08-02 13:02:50;93;2026-08-02 13:07:38;30;2026-08-02 13:12:27;72;2026-08-02 13:18:59;88;2026-08-02 13:22:45;32;2026-08-02 13:29:35;66;2026-08-02 13:42:05;50;2026-08-02 13:48:12;60;2026-08-02 13:52:09;38;2026-08-02 13:58:23;44;2026-08-02 14:04:37;36;2026-08-02 14:08:46;101;2026-08-02 14:19:44;65;2026-08-02 14:26:34;47;2026-08-02 14:37:16;35;2026-08-02 14:44:17;39;2026-08-02 14:54:14;33;2026-08-02 15:02:39;240;2026-08-02 15:15:00
sfr;74 3B 56 D9 EC 59 02 E0 ;107;"Пономарева Мария";"1";OK;"159 б. за 3:07:41";241;2026-08-02 12:06:49;241;2026-08-02 12:06:49;47;2026-08-02 12:14:19;65;2026-08-02 12:19:30;101;2026-08-02 12:24:53;36;2026-08-02 12:34:25;44;2026-08-02 12:37:35;66;2026-08-02 12:43:38;32;2026-08-02 12:48:35;88;2026-08-02 12:53:48;72;2026-08-02 12:58:14;30;2026-08-02 13:04:00;93;2026-08-02 13:07:43;45;2026-08-02 13:12:16;50;2026-08-02 13:15:25;60;2026-08-02 13:18:54;38;2026-08-02 13:23:26;39;2026-08-02 13:27:11;48;2026-08-02 13:32:06;34;2026-08-02 13:35:47;41;2026-08-02 13:38:26;40;2026-08-02 13:44:22;54;2026-08-02 13:51:19;59;2026-08-02 13:58:09;53;2026-08-02 14:05:34;49;2026-08-02 14:10:06;61;2026-08-02 14:17:40;82;2026-08-02 14:26:55;71;2026-08-02 14:32:08;46;2026-08-02 14:40:10;67;2026-08-02 14:46:11;52;2026-08-02 15:00:51;56;2026-08-02 15:08:04;240;2026-08-02 15:14:30
sfr;92 34 56 D9 EC 59 02 E0 ;64;"Симанков Иван";"1";Превышение КВ;"156 б. за 26:50:03";241;2026-08-01 12:04:00;241;2026-08-01 12:04:00;37;2026-08-01 12:12:24;76;2026-08-01 12:20:03;112;2026-08-01 12:27:21;57;2026-08-02 03:12:32;85;2026-08-02 12:46:52;73;2026-08-02 12:54:57;103;2026-08-02 12:59:22;96;2026-08-02 13:09:39;94;2026-08-02 13:12:39;78;2026-08-02 13:16:15;84;2026-08-02 13:22:29;110;2026-08-02 13:27:48;75;2026-08-02 13:42:35;20;2026-08-02 13:43:50;92;2026-08-02 13:53:40;77;2026-08-02 14:00:46;31;2026-08-02 14:14:58;82;2026-08-02 14:22:37;71;2026-08-02 14:32:14;67;2026-08-02 14:41:02;79;2026-08-02 14:44:15;56;2026-08-02 14:49:37;240;2026-08-02 14:54:03
sfr;4F 2E A1 30 00 00 07 E0 ;65;"Гилязова Екатерина";"1";Превышение КВ;"156 б. за 26:49:49";241;2026-08-01 12:04:01;241;2026-08-01 12:04:01;37;2026-08-01 12:12:25;76;2026-08-01 12:20:00;112;2026-08-01 12:27:10;57;2026-08-02 03:12:24;85;2026-08-02 12:46:46;73;2026-08-02 12:54:59;103;2026-08-02 12:59:19;96;2026-08-02 13:09:16;94;2026-08-02 13:12:36;78;2026-08-02 13:16:07;84;2026-08-02 13:22:26;110;2026-08-02 13:27:36;75;2026-08-02 13:42:37;20;2026-08-02 13:43:45;92;2026-08-02 13:53:42;77;2026-08-02 14:00:36;31;2026-08-02 14:14:31;82;2026-08-02 14:22:25;71;2026-08-02 14:32:06;67;2026-08-02 14:40:40;79;2026-08-02 14:43:59;56;2026-08-02 14:49:09;240;2026-08-02 14:53:50
sfr;45 04 16 33 01 24 02 E0 ;187;"Мартынов Алексей";"1";OK;"75 б. за 2:36:12";241;2026-08-02 12:04:31;241;2026-08-02 12:04:31;37;2026-08-02 12:19:12;76;2026-08-02 12:39:42;73;2026-08-02 12:57:07;103;2026-08-02 13:10:56;96;2026-08-02 13:21:44;94;2026-08-02 13:28:28;78;2026-08-02 13:32:19;84;2026-08-02 13:39:54;58;2026-08-02 13:51:14;51;2026-08-02 14:05:00;55;2026-08-02 14:17:43;240;2026-08-02 14:40:43
sfr;A5 6C 52 33 01 24 02 E0 ;188;"Мартынов Александр";"1";OK;"75 б. за 2:36:13";241;2026-08-02 12:04:28;241;2026-08-02 12:04:28;37;2026-08-02 12:19:21;76;2026-08-02 12:39:46;73;2026-08-02 12:57:12;103;2026-08-02 13:11:01;96;2026-08-02 13:21:50;94;2026-08-02 13:28:06;78;2026-08-02 13:32:25;84;2026-08-02 13:39:59;58;2026-08-02 13:51:16;51;2026-08-02 14:05:03;55;2026-08-02 14:17:52;240;2026-08-02 14:40:41
sfr;2D 0D 21 F7 6A 24 02 E0 ;4;"Ермаченков Филипп";"1";OK;"199 б. за 2:05:55";241;2026-08-02 12:31:39;241;2026-08-02 12:31:39;37;2026-08-02 12:37:51;76;2026-08-02 12:44:38;73;2026-08-02 12:48:45;103;2026-08-02 12:52:35;96;2026-08-02 12:57:42;94;2026-08-02 13:00:12;94;2026-08-02 13:00:59;78;2026-08-02 13:03:54;84;2026-08-02 13:07:04;110;2026-08-02 13:10:26;97;2026-08-02 13:16:29;75;2026-08-02 13:18:35;20;2026-08-02 13:19:01;92;2026-08-02 13:29:19;77;2026-08-02 13:34:49;87;2026-08-02 13:40:19;69;2026-08-02 13:44:24;74;2026-08-02 13:49:16;91;2026-08-02 13:51:58;70;2026-08-02 13:55:11;64;2026-08-02 14:00:03;31;2026-08-02 14:03:20;82;2026-08-02 14:07:26;61;2026-08-02 14:10:52;71;2026-08-02 14:14:53;49;2026-08-02 14:18:14;53;2026-08-02 14:22:07;59;2026-08-02 14:25:05;52;2026-08-02 14:28:35;33;2026-08-02 14:31:23;56;2026-08-02 14:34:28;240;2026-08-02 14:37:34
sfr;6E 29 A1 30 00 00 07 E0 ;213;"Сафронова Ирина";"1";OK;"165 б. за 2:13:35";241;2026-08-02 12:24:31;241;2026-08-02 12:24:31;37;2026-08-02 12:32:26;112;2026-08-02 12:43:12;76;2026-08-02 12:49:55;73;2026-08-02 12:54:51;103;2026-08-02 13:06:51;96;2026-08-02 13:18:37;94;2026-08-02 13:21:11;78;2026-08-02 13:25:25;84;2026-08-02 13:28:37;110;2026-08-02 13:32:42;75;2026-08-02 13:37:18;20;2026-08-02 13:38:04;97;2026-08-02 13:40:31;92;2026-08-02 13:46:47;83;2026-08-02 13:51:37;87;2026-08-02 13:58:27;31;2026-08-02 14:11:11;82;2026-08-02 14:15:51;71;2026-08-02 14:19:41;46;2026-08-02 14:24:52;67;2026-08-02 14:28:06;79;2026-08-02 14:30:57;56;2026-08-02 14:35:36;240;2026-08-02 14:38:06
sfr;53 2F 56 D9 EC 59 02 E0 ;214;"Сенягина Анастасия";"1";OK;"165 б. за 2:13:35";241;2026-08-02 12:24:32;241;2026-08-02 12:24:32;37;2026-08-02 12:32:31;112;2026-08-02 12:43:17;76;2026-08-02 12:50:01;73;2026-08-02 12:54:54;103;2026-08-02 13:06:57;96;2026-08-02 13:18:33;94;2026-08-02 13:21:16;78;2026-08-02 13:25:14;84;2026-08-02 13:28:43;110;2026-08-02 13:32:58;75;2026-08-02 13:37:36;20;2026-08-02 13:38:11;97;2026-08-02 13:40:41;92;2026-08-02 13:46:56;83;2026-08-02 13:51:42;87;2026-08-02 13:58:29;31;2026-08-02 14:11:08;82;2026-08-02 14:15:49;71;2026-08-02 14:19:38;46;2026-08-02 14:25:01;67;2026-08-02 14:28:14;79;2026-08-02 14:30:53;56;2026-08-02 14:35:31;240;2026-08-02 14:38:07
sfr;5D 25 22 AC 6A 24 02 E0 ;1;"Ганичев Павел";"1";OK;"198 б. за 2:10:00";241;2026-08-02 12:22:31;241;2026-08-02 12:22:31;56;2026-08-02 12:25:26;52;2026-08-02 12:28:52;59;2026-08-02 12:32:01;53;2026-08-02 12:34:32;49;2026-08-02 12:37:36;71;2026-08-02 12:40:37;61;2026-08-02 12:44:23;82;2026-08-02 12:47:02;70;2026-08-02 12:54:16;91;2026-08-02 12:57:08;74;2026-08-02 12:59:57;69;2026-08-02 13:05:13;86;2026-08-02 13:08:31;89;2026-08-02 13:12:10;95;2026-08-02 13:16:14;90;2026-08-02 13:20:29;83;2026-08-02 13:24:51;92;2026-08-02 13:29:15;20;2026-08-02 13:41:37;97;2026-08-02 13:43:36;75;2026-08-02 13:45:51;110;2026-08-02 13:50:22;58;2026-08-02 13:55:24;81;2026-08-02 13:58:52;68;2026-08-02 14:03:58;51;2026-08-02 14:07:48;63;2026-08-02 14:12:50;55;2026-08-02 14:14:58;57;2026-08-02 14:20:01;43;2026-08-02 14:24:14;240;2026-08-02 14:32:31
sfr;3C 32 56 D9 EC 59 02 E0 ;201;"Калачев Виктор";"1";OK;"204 б. за 2:03:59";241;2026-08-02 12:25:18;241;2026-08-02 12:25:18;35;2026-08-02 12:30:13;47;2026-08-02 12:33:14;65;2026-08-02 12:36:48;36;2026-08-02 12:42:31;44;2026-08-02 12:44:59;66;2026-08-02 12:48:16;32;2026-08-02 12:50:08;88;2026-08-02 12:53:34;72;2026-08-02 12:55:34;30;2026-08-02 12:57:55;93;2026-08-02 13:00:08;45;2026-08-02 13:03:01;50;2026-08-02 13:04:58;60;2026-08-02 13:06:18;38;2026-08-02 13:08:25;39;2026-08-02 13:10:07;48;2026-08-02 13:12:20;34;2026-08-02 13:14:13;41;2026-08-02 13:15:39;40;2026-08-02 13:18:06;54;2026-08-02 13:21:23;59;2026-08-02 13:23:36;53;2026-08-02 13:25:59;49;2026-08-02 13:28:51;61;2026-08-02 13:32:19;31;2026-08-02 13:40:39;64;2026-08-02 13:43:36;111;2026-08-02 13:47:34;42;2026-08-02 13:52:16;62;2026-08-02 13:54:56;77;2026-08-02 13:58:19;92;2026-08-02 14:02:03;90;2026-08-02 14:05:16;95;2026-08-02 14:08:55;87;2026-08-02 14:12:07;82;2026-08-02 14:19:37;71;2026-08-02 14:21:59;240;2026-08-02 14:29:17
sfr;64 25 56 D9 EC 59 02 E0 ;202;"Калачев Артём";"1";OK;"204 б. за 2:03:58";241;2026-08-02 12:25:17;241;2026-08-02 12:25:17;35;2026-08-02 12:30:11;47;2026-08-02 12:33:12;65;2026-08-02 12:36:40;36;2026-08-02 12:42:00;44;2026-08-02 12:45:03;66;2026-08-02 12:48:14;32;2026-08-02 12:50:12;88;2026-08-02 12:53:31;72;2026-08-02 12:55:26;30;2026-08-02 12:57:50;93;2026-08-02 13:00:04;45;2026-08-02 13:02:56;50;2026-08-02 13:04:54;60;2026-08-02 13:06:14;38;2026-08-02 13:08:22;39;2026-08-02 13:10:02;48;2026-08-02 13:12:17;34;2026-08-02 13:14:08;41;2026-08-02 13:15:35;40;2026-08-02 13:18:04;54;2026-08-02 13:21:19;59;2026-08-02 13:23:33;53;2026-08-02 13:25:56;49;2026-08-02 13:28:43;61;2026-08-02 13:32:14;31;2026-08-02 13:40:33;64;2026-08-02 13:43:34;111;2026-08-02 13:47:36;42;2026-08-02 13:52:13;62;2026-08-02 13:54:55;77;2026-08-02 13:58:16;92;2026-08-02 14:02:00;90;2026-08-02 14:05:13;95;2026-08-02 14:08:47;87;2026-08-02 14:12:04;82;2026-08-02 14:19:27;71;2026-08-02 14:22:02;240;2026-08-02 14:29:15
sfr;2E 2C 56 D9 EC 59 02 E0 ;205;"Перфилов Василий";"1";OK;"109 б. за 1:59:46";241;2026-08-02 12:27:51;241;2026-08-02 12:27:51;47;2026-08-02 12:33:58;36;2026-08-02 12:37:53;44;2026-08-02 12:42:48;66;2026-08-02 12:48:23;32;2026-08-02 12:50:44;88;2026-08-02 12:55:14;72;2026-08-02 12:59:28;30;2026-08-02 13:04:06;93;2026-08-02 13:07:47;45;2026-08-02 13:13:41;50;2026-08-02 13:17:13;60;2026-08-02 13:20:38;48;2026-08-02 13:25:33;34;2026-08-02 13:33:29;41;2026-08-02 13:35:48;40;2026-08-02 13:46:10;54;2026-08-02 13:51:10;59;2026-08-02 13:55:24;53;2026-08-02 14:01:18;49;2026-08-02 14:06:13;71;2026-08-02 14:10:42;67;2026-08-02 14:19:36;240;2026-08-02 14:27:37
sfr;46 2E 56 D9 EC 59 02 E0 ;206;"Перфилов Алёна Васильевна";"1";OK;"109 б. за 1:59:47";241;2026-08-02 12:27:49;241;2026-08-02 12:27:49;47;2026-08-02 12:33:49;36;2026-08-02 12:37:48;44;2026-08-02 12:42:55;66;2026-08-02 12:48:12;32;2026-08-02 12:50:47;88;2026-08-02 12:55:13;72;2026-08-02 12:59:33;30;2026-08-02 13:04:12;93;2026-08-02 13:07:52;45;2026-08-02 13:13:44;50;2026-08-02 13:16:39;60;2026-08-02 13:20:45;48;2026-08-02 13:25:36;34;2026-08-02 13:33:15;41;2026-08-02 13:35:54;40;2026-08-02 13:45:49;54;2026-08-02 13:51:04;59;2026-08-02 13:55:16;53;2026-08-02 14:01:15;49;2026-08-02 14:05:56;71;2026-08-02 14:10:47;67;2026-08-02 14:19:08;240;2026-08-02 14:27:36
sfr;4A 21 56 D9 EC 59 02 E0 ;208;"Хахалева Надежда";"1";OK;"80 б. за 1:57:46";241;2026-08-02 12:29:14;241;2026-08-02 12:29:14;35;2026-08-02 12:38:59;33;2026-08-02 12:46:26;39;2026-08-02 12:51:57;38;2026-08-02 12:56:46;60;2026-08-02 13:02:34;50;2026-08-02 13:06:24;45;2026-08-02 13:09:57;93;2026-08-02 13:14:29;30;2026-08-02 13:21:36;72;2026-08-02 13:25:55;88;2026-08-02 13:29:05;32;2026-08-02 13:41:30;66;2026-08-02 13:46:14;44;2026-08-02 13:52:22;36;2026-08-02 13:56:40;47;2026-08-02 14:05:02;65;2026-08-02 14:13:05;240;2026-08-02 14:27:00
sfr;61 33 56 D9 EC 59 02 E0 ;207;"Хахалев Павел";"1";OK;"80 б. за 1:57:42";241;2026-08-02 12:29:17;241;2026-08-02 12:29:17;35;2026-08-02 12:39:06;33;2026-08-02 12:46:22;39;2026-08-02 12:51:58;38;2026-08-02 12:56:47;60;2026-08-02 13:02:35;50;2026-08-02 13:06:25;45;2026-08-02 13:09:58;93;2026-08-02 13:14:30;30;2026-08-02 13:21:37;72;2026-08-02 13:25:56;88;2026-08-02 13:29:06;32;2026-08-02 13:41:28;66;2026-08-02 13:46:13;44;2026-08-02 13:52:19;36;2026-08-02 13:56:42;47;2026-08-02 14:04:59;65;2026-08-02 14:12:59;240;2026-08-02 14:26:59
sfr;7E 32 56 D9 EC 59 02 E0 ;23;"Гайдар Иван";"1";OK;"92 б. за 2:10:37";241;2026-08-02 12:15:17;241;2026-08-02 12:15:17;56;2026-08-02 12:18:10;79;2026-08-02 12:22:25;67;2026-08-02 12:24:46;59;2026-08-02 12:31:47;54;2026-08-02 12:34:54;53;2026-08-02 12:40:29;46;2026-08-02 12:45:04;49;2026-08-02 12:50:17;71;2026-08-02 12:56:11;61;2026-08-02 13:03:26;82;2026-08-02 13:07:45;31;2026-08-02 13:13:39;111;2026-08-02 13:23:40;64;2026-08-02 13:29:52;42;2026-08-02 13:40:23;62;2026-08-02 13:46:53;240;2026-08-02 14:25:54
sfr;67 31 CF 2A 00 00 07 E0 ;196;"Бабаев Роман Андреевич";"1";OK;"154 б. за 1:56:13";241;2026-08-02 12:29:09;241;2026-08-02 12:29:09;47;2026-08-02 12:33:19;65;2026-08-02 12:37:08;101;2026-08-02 12:40:53;36;2026-08-02 12:48:13;44;2026-08-02 12:50:28;66;2026-08-02 12:54:33;32;2026-08-02 12:57:34;88;2026-08-02 13:01:11;72;2026-08-02 13:04:16;30;2026-08-02 13:07:08;93;2026-08-02 13:09:38;45;2026-08-02 13:12:22;50;2026-08-02 13:15:11;60;2026-08-02 13:17:19;38;2026-08-02 13:20:55;39;2026-08-02 13:24:33;48;2026-08-02 13:27:28;34;2026-08-02 13:32:58;41;2026-08-02 13:34:42;40;2026-08-02 13:39:41;54;2026-08-02 13:43:05;59;2026-08-02 13:45:42;53;2026-08-02 13:49:31;49;2026-08-02 13:53:29;61;2026-08-02 13:58:05;82;2026-08-02 14:02:10;71;2026-08-02 14:05:30;46;2026-08-02 14:10:26;67;2026-08-02 14:16:06;56;2026-08-02 14:21:18;240;2026-08-02 14:25:22
sfr;78 30 CF 2A 00 00 07 E0 ;195;"Бабаев Андрей";"1";OK;"154 б. за 1:56:07";241;2026-08-02 12:29:10;241;2026-08-02 12:29:10;47;2026-08-02 12:33:17;65;2026-08-02 12:37:09;101;2026-08-02 12:40:59;36;2026-08-02 12:48:20;44;2026-08-02 12:50:24;66;2026-08-02 12:54:30;32;2026-08-02 12:57:30;88;2026-08-02 13:01:08;72;2026-08-02 13:04:15;30;2026-08-02 13:07:02;93;2026-08-02 13:09:32;45;2026-08-02 13:12:18;50;2026-08-02 13:15:14;60;2026-08-02 13:17:17;38;2026-08-02 13:20:45;39;2026-08-02 13:24:21;48;2026-08-02 13:27:25;34;2026-08-02 13:32:52;41;2026-08-02 13:34:33;40;2026-08-02 13:39:29;54;2026-08-02 13:43:06;59;2026-08-02 13:45:44;53;2026-08-02 13:49:26;49;2026-08-02 13:53:19;61;2026-08-02 13:58:03;82;2026-08-02 14:02:04;71;2026-08-02 14:05:23;46;2026-08-02 14:10:22;67;2026-08-02 14:16:24;56;2026-08-02 14:21:13;240;2026-08-02 14:25:17
sfr;4D 2B 56 D9 EC 59 02 E0 ;221;"Заозерский Дмитрий";"1";OK;"172 б. за 1:47:28";241;2026-08-02 12:33:13;241;2026-08-02 12:33:13;35;2026-08-02 12:38:18;47;2026-08-02 12:40:56;65;2026-08-02 12:44:02;101;2026-08-02 12:46:48;36;2026-08-02 12:51:46;44;2026-08-02 12:54:52;66;2026-08-02 12:58:41;32;2026-08-02 13:00:31;88;2026-08-02 13:03:42;72;2026-08-02 13:05:30;30;2026-08-02 13:07:54;93;2026-08-02 13:10:24;45;2026-08-02 13:12:25;50;2026-08-02 13:14:35;60;2026-08-02 13:16:17;48;2026-08-02 13:18:56;34;2026-08-02 13:20:39;41;2026-08-02 13:22:04;40;2026-08-02 13:27:11;54;2026-08-02 13:30:03;59;2026-08-02 13:32:29;53;2026-08-02 13:34:51;49;2026-08-02 13:38:34;61;2026-08-02 13:42:31;82;2026-08-02 13:46:09;71;2026-08-02 13:49:52;46;2026-08-02 13:54:25;67;2026-08-02 13:56:57;79;2026-08-02 13:58:56;56;2026-08-02 14:02:42;52;2026-08-02 14:06:03;33;2026-08-02 14:08:17;39;2026-08-02 14:11:12;38;2026-08-02 14:13:03;33;2026-08-02 14:17:12;240;2026-08-02 14:20:41
sfr;61 BB 84 7F 00 24 02 E0 ;7;"Казаков Константин";"1";OK;"197 б. за 2:09:27";241;2026-08-02 12:08:04;241;2026-08-02 12:08:04;56;2026-08-02 12:11:05;79;2026-08-02 12:14:09;67;2026-08-02 12:15:53;46;2026-08-02 12:18:26;49;2026-08-02 12:23:01;71;2026-08-02 12:25:59;61;2026-08-02 12:30:02;82;2026-08-02 12:32:41;31;2026-08-02 12:37:10;64;2026-08-02 12:40:35;111;2026-08-02 12:47:05;62;2026-08-02 12:53:27;42;2026-08-02 12:58:11;91;2026-08-02 13:09:36;74;2026-08-02 13:12:28;69;2026-08-02 13:18:00;86;2026-08-02 13:21:40;89;2026-08-02 13:24:56;95;2026-08-02 13:27:47;90;2026-08-02 13:32:37;83;2026-08-02 13:36:33;92;2026-08-02 13:40:50;20;2026-08-02 13:44:03;75;2026-08-02 13:44:51;97;2026-08-02 13:48:20;58;2026-08-02 13:52:56;81;2026-08-02 13:56:29;51;2026-08-02 14:03:16;63;2026-08-02 14:07:55;55;2026-08-02 14:09:28;240;2026-08-02 14:17:31
sfr;6E 37 CF 2A 00 00 07 E0 ;11;"Насибуллин Ильгизар";"1";OK;"203 б. за 2:08:39";241;2026-08-02 12:05:39;241;2026-08-02 12:05:39;55;2026-08-02 12:12:31;63;2026-08-02 12:14:03;51;2026-08-02 12:18:35;68;2026-08-02 12:21:50;81;2026-08-02 12:25:57;58;2026-08-02 12:28:44;97;2026-08-02 12:33:45;75;2026-08-02 12:36:26;20;2026-08-02 12:38:07;92;2026-08-02 12:55:14;83;2026-08-02 12:58:34;90;2026-08-02 13:02:13;95;2026-08-02 13:06:01;89;2026-08-02 13:08:35;86;2026-08-02 13:11:10;69;2026-08-02 13:13:54;74;2026-08-02 13:18:13;91;2026-08-02 13:21:04;70;2026-08-02 13:23:47;42;2026-08-02 13:26:44;64;2026-08-02 13:30:13;31;2026-08-02 13:33:49;82;2026-08-02 13:37:51;61;2026-08-02 13:42:00;71;2026-08-02 13:45:58;49;2026-08-02 13:49:06;53;2026-08-02 13:52:26;59;2026-08-02 13:56:36;54;2026-08-02 13:59:29;40;2026-08-02 14:02:39;33;2026-08-02 14:05:48;52;2026-08-02 14:08:05;56;2026-08-02 14:11:58;240;2026-08-02 14:14:18
sfr;44 34 56 D9 EC 59 02 E0 ;199;"Барабанова Василиса";"1";OK;"121 б. за 2:01:53";241;2026-08-02 12:11:52;241;2026-08-02 12:11:52;56;2026-08-02 12:17:17;79;2026-08-02 12:22:02;67;2026-08-02 12:25:28;46;2026-08-02 12:32:14;71;2026-08-02 12:37:56;82;2026-08-02 12:40:37;61;2026-08-02 12:46:27;49;2026-08-02 12:52:45;53;2026-08-02 12:57:49;59;2026-08-02 13:01:43;54;2026-08-02 13:11:31;40;2026-08-02 13:15:33;41;2026-08-02 13:24:43;34;2026-08-02 13:27:00;48;2026-08-02 13:31:45;93;2026-08-02 13:36:21;45;2026-08-02 13:42:15;30;2026-08-02 13:47:26;72;2026-08-02 13:51:47;88;2026-08-02 13:54:28;32;2026-08-02 13:59:30;66;2026-08-02 14:01:58;44;2026-08-02 14:05:53;240;2026-08-02 14:13:45
sfr;6E 2B 56 D9 EC 59 02 E0 ;198;"Барабанов Алексей";"1";OK;"121 б. за 2:01:47";241;2026-08-02 12:11:55;241;2026-08-02 12:11:55;56;2026-08-02 12:17:19;79;2026-08-02 12:21:56;67;2026-08-02 12:26:12;46;2026-08-02 12:32:12;71;2026-08-02 12:37:50;82;2026-08-02 12:40:31;61;2026-08-02 12:46:28;49;2026-08-02 12:52:47;53;2026-08-02 12:57:40;59;2026-08-02 13:01:37;54;2026-08-02 13:11:28;40;2026-08-02 13:15:41;41;2026-08-02 13:24:44;34;2026-08-02 13:27:03;48;2026-08-02 13:31:42;93;2026-08-02 13:36:11;45;2026-08-02 13:42:14;30;2026-08-02 13:47:24;72;2026-08-02 13:51:49;88;2026-08-02 13:54:24;32;2026-08-02 13:59:32;66;2026-08-02 14:01:56;44;2026-08-02 14:05:48;240;2026-08-02 14:13:42
sfr;62 33 56 D9 EC 59 02 E0 ;200;"Барабанов Алексей";"1";OK;"121 б. за 2:01:43";241;2026-08-02 12:11:57;241;2026-08-02 12:11:57;56;2026-08-02 12:17:20;79;2026-08-02 12:22:11;67;2026-08-02 12:25:37;46;2026-08-02 12:32:09;71;2026-08-02 12:37:53;82;2026-08-02 12:40:45;61;2026-08-02 12:46:23;49;2026-08-02 12:52:39;53;2026-08-02 12:57:47;59;2026-08-02 13:01:40;54;2026-08-02 13:11:27;40;2026-08-02 13:15:37;41;2026-08-02 13:24:41;34;2026-08-02 13:27:01;48;2026-08-02 13:31:39;93;2026-08-02 13:36:15;45;2026-08-02 13:42:10;30;2026-08-02 13:47:29;72;2026-08-02 13:51:44;88;2026-08-02 13:54:22;32;2026-08-02 13:59:24;66;2026-08-02 14:01:54;44;2026-08-02 14:05:50;240;2026-08-02 14:13:40
sfr;7B 32 56 D9 EC 59 02 E0 ;197;"Барабанова Яна";"1";OK;"121 б. за 2:01:55";241;2026-08-02 12:11:51;241;2026-08-02 12:11:51;56;2026-08-02 12:17:15;79;2026-08-02 12:22:13;67;2026-08-02 12:25:26;46;2026-08-02 12:32:11;71;2026-08-02 12:37:58;82;2026-08-02 12:40:25;61;2026-08-02 12:46:29;49;2026-08-02 12:52:43;53;2026-08-02 12:57:39;59;2026-08-02 13:01:34;54;2026-08-02 13:11:29;40;2026-08-02 13:15:42;41;2026-08-02 13:24:45;34;2026-08-02 13:26:58;48;2026-08-02 13:31:44;93;2026-08-02 13:36:09;45;2026-08-02 13:42:07;30;2026-08-02 13:47:27;72;2026-08-02 13:51:51;88;2026-08-02 13:54:27;32;2026-08-02 13:59:28;66;2026-08-02 14:02:02;44;2026-08-02 14:05:54;240;2026-08-02 14:13:46
sfr;5C 38 04 2C 00 00 07 E0 ;3;"Гундоров Сергей";"1";OK;"75 б. за 2:09:57";241;2026-08-02 12:03:39;241;2026-08-02 12:03:39;43;2026-08-02 12:14:39;57;2026-08-02 12:19:07;63;2026-08-02 12:24:59;68;2026-08-02 12:46:05;81;2026-08-02 12:52:32;58;2026-08-02 12:56:39;84;2026-08-02 13:09:48;78;2026-08-02 13:14:27;94;2026-08-02 13:17:33;103;2026-08-02 13:37:39;73;2026-08-02 13:43:16;240;2026-08-02 14:13:36
sfr;31 34 53 9F DD 58 02 E0 ;15;"Проценко Алексей";"1";OK;"153 б. за 2:00:28";241;2026-08-02 12:10:56;241;2026-08-02 12:10:56;35;2026-08-02 12:15:46;47;2026-08-02 12:19:19;36;2026-08-02 12:23:19;44;2026-08-02 12:26:19;66;2026-08-02 12:31:14;32;2026-08-02 12:33:31;88;2026-08-02 12:38:07;72;2026-08-02 12:40:54;30;2026-08-02 12:44:08;93;2026-08-02 12:47:45;45;2026-08-02 12:51:55;50;2026-08-02 12:54:56;60;2026-08-02 12:57:13;38;2026-08-02 13:00:34;39;2026-08-02 13:03:05;48;2026-08-02 13:07:16;34;2026-08-02 13:09:41;41;2026-08-02 13:11:34;54;2026-08-02 13:17:19;40;2026-08-02 13:21:31;52;2026-08-02 13:26:00;59;2026-08-02 13:30:01;53;2026-08-02 13:33:14;49;2026-08-02 13:37:07;61;2026-08-02 13:42:15;82;2026-08-02 13:45:56;71;2026-08-02 13:50:04;46;2026-08-02 13:58:36;67;2026-08-02 14:01:53;79;2026-08-02 14:04:07;56;2026-08-02 14:09:05;240;2026-08-02 14:11:24
sfr;3D 44 53 9F DD 58 02 E0 ;8;"Кнотько Александр";"1";OK;"88 б. за 1:57:26";241;2026-08-02 12:13:32;241;2026-08-02 12:13:32;56;2026-08-02 12:18:03;79;2026-08-02 12:23:45;67;2026-08-02 12:26:58;46;2026-08-02 12:33:31;53;2026-08-02 12:42:08;59;2026-08-02 12:48:23;54;2026-08-02 12:53:53;40;2026-08-02 13:01:29;41;2026-08-02 13:07:06;34;2026-08-02 13:10:45;93;2026-08-02 13:15:47;45;2026-08-02 13:20:59;50;2026-08-02 13:26:23;60;2026-08-02 13:30:13;38;2026-08-02 13:35:50;39;2026-08-02 13:40:18;33;2026-08-02 13:45:22;35;2026-08-02 13:52:43;47;2026-08-02 13:58:51;240;2026-08-02 14:10:58
sfr;99 4D 59 9F DD 58 02 E0 ;14;"Петухова Анна";"1";OK;"144 б. за 1:53:01";241;2026-08-02 12:16:24;241;2026-08-02 12:16:24;35;2026-08-02 12:21:38;47;2026-08-02 12:25:18;65;2026-08-02 12:29:47;101;2026-08-02 12:33:29;36;2026-08-02 12:41:51;44;2026-08-02 12:44:28;66;2026-08-02 12:49:40;32;2026-08-02 12:51:59;88;2026-08-02 12:56:31;72;2026-08-02 12:59:07;30;2026-08-02 13:02:25;93;2026-08-02 13:06:13;45;2026-08-02 13:09:09;50;2026-08-02 13:12:13;60;2026-08-02 13:14:47;48;2026-08-02 13:18:28;34;2026-08-02 13:21:04;41;2026-08-02 13:23:40;40;2026-08-02 13:27:49;54;2026-08-02 13:31:34;59;2026-08-02 13:35:12;53;2026-08-02 13:38:50;49;2026-08-02 13:42:54;71;2026-08-02 13:46:48;46;2026-08-02 13:52:14;67;2026-08-02 13:55:40;79;2026-08-02 13:59:47;56;2026-08-02 14:05:47;240;2026-08-02 14:09:25
sfr;68 2B 56 D9 EC 59 02 E0 ;215;"Науменко Лиза";"1";OK;"55 б. за 1:57:29";241;2026-08-02 12:12:01;241;2026-08-02 12:12:01;35;2026-08-02 12:19:37;38;2026-08-02 12:24:58;60;2026-08-02 12:34:43;48;2026-08-02 12:44:36;34;2026-08-02 12:53:30;41;2026-08-02 12:58:09;54;2026-08-02 13:11:54;59;2026-08-02 13:20:36;59;2026-08-02 13:21:26;46;2026-08-02 13:31:24;67;2026-08-02 13:45:48;79;2026-08-02 13:53:33;79;2026-08-02 13:54:17;56;2026-08-02 14:03:49;240;2026-08-02 14:09:30
sfr;68 30 56 D9 EC 59 02 E0 ;216;"Брюхатов Михаил";"1";OK;"55 б. за 1:57:35";241;2026-08-02 12:12:07;241;2026-08-02 12:12:07;35;2026-08-02 12:19:45;38;2026-08-02 12:25:00;60;2026-08-02 12:34:57;48;2026-08-02 12:44:45;34;2026-08-02 12:53:29;41;2026-08-02 12:58:22;54;2026-08-02 13:13:00;59;2026-08-02 13:21:09;46;2026-08-02 13:31:20;67;2026-08-02 13:46:00;79;2026-08-02 13:53:40;56;2026-08-02 14:04:21;240;2026-08-02 14:09:42
sfr;88 2E 56 D9 EC 59 02 E0 ;191;"Соколов Роман";"1";OK;"77 б. за 1:58:43";241;2026-08-02 12:10:57;241;2026-08-02 12:10:57;56;2026-08-02 12:15:57;79;2026-08-02 12:23:34;67;2026-08-02 12:26:06;46;2026-08-02 12:31:42;71;2026-08-02 12:42:14;82;2026-08-02 12:47:43;31;2026-08-02 12:56:18;111;2026-08-02 13:06:55;64;2026-08-02 13:19:12;61;2026-08-02 13:35:58;49;2026-08-02 13:45:20;53;2026-08-02 13:53:33;59;2026-08-02 13:59:08;240;2026-08-02 14:09:40
sfr;79 75 54 9F DD 58 02 E0 ;16;"Рыбакова Александра";"1";OK;"144 б. за 1:53:01";241;2026-08-02 12:16:25;241;2026-08-02 12:16:25;35;2026-08-02 12:21:37;47;2026-08-02 12:25:23;65;2026-08-02 12:29:39;101;2026-08-02 12:33:26;36;2026-08-02 12:41:53;44;2026-08-02 12:44:29;66;2026-08-02 12:49:44;32;2026-08-02 12:51:58;88;2026-08-02 12:56:32;72;2026-08-02 12:59:08;30;2026-08-02 13:02:24;93;2026-08-02 13:06:08;45;2026-08-02 13:09:10;50;2026-08-02 13:12:14;60;2026-08-02 13:14:46;48;2026-08-02 13:18:32;34;2026-08-02 13:21:05;41;2026-08-02 13:23:41;40;2026-08-02 13:27:57;54;2026-08-02 13:31:36;59;2026-08-02 13:35:10;53;2026-08-02 13:38:52;49;2026-08-02 13:42:51;71;2026-08-02 13:46:51;46;2026-08-02 13:52:12;67;2026-08-02 13:55:35;79;2026-08-02 14:00:00;56;2026-08-02 14:05:41;240;2026-08-02 14:09:26
sfr;6D 28 56 D9 EC 59 02 E0 ;17;"Соколов Юрий";"1";OK;"68 б. за 1:54:10";241;2026-08-02 12:14:46;241;2026-08-02 12:14:46;56;2026-08-02 12:19:15;52;2026-08-02 12:33:08;40;2026-08-02 12:40:52;41;2026-08-02 12:49:23;34;2026-08-02 12:52:43;93;2026-08-02 12:57:31;45;2026-08-02 13:04:22;50;2026-08-02 13:09:00;60;2026-08-02 13:13:42;44;2026-08-02 13:24:12;36;2026-08-02 13:27:38;38;2026-08-02 13:33:17;39;2026-08-02 13:39:01;33;2026-08-02 13:44:43;35;2026-08-02 13:51:46;47;2026-08-02 14:01:33;240;2026-08-02 14:08:56
sfr;67 32 56 D9 EC 59 02 E0 ;18;"Тебеньков Алексей";"1";OK;"169 б. за 1:59:38";241;2026-08-02 12:08:27;241;2026-08-02 12:08:27;56;2026-08-02 12:11:33;79;2026-08-02 12:15:27;67;2026-08-02 12:17:22;46;2026-08-02 12:22:16;71;2026-08-02 12:26:17;82;2026-08-02 12:29:16;61;2026-08-02 12:32:18;49;2026-08-02 12:35:56;53;2026-08-02 12:39:16;59;2026-08-02 12:41:58;54;2026-08-02 12:44:29;40;2026-08-02 12:47:12;52;2026-08-02 12:50:48;33;2026-08-02 12:53:40;41;2026-08-02 12:58:59;34;2026-08-02 13:00:48;93;2026-08-02 13:05:00;30;2026-08-02 13:08:30;72;2026-08-02 13:11:12;88;2026-08-02 13:13:34;32;2026-08-02 13:20:27;66;2026-08-02 13:22:51;45;2026-08-02 13:27:13;50;2026-08-02 13:30:04;60;2026-08-02 13:32:05;48;2026-08-02 13:35:07;39;2026-08-02 13:38:55;38;2026-08-02 13:43:07;36;2026-08-02 13:46:47;44;2026-08-02 13:49:03;101;2026-08-02 13:57:39;65;2026-08-02 14:01:20;47;2026-08-02 14:04:48;240;2026-08-02 14:08:05
sfr;4E 2D 56 D9 EC 59 02 E0 ;209;"Шкатов Владимир";"1";OK;"79 б. за 1:57:38";241;2026-08-02 12:07:01;241;2026-08-02 12:07:01;56;2026-08-02 12:14:31;52;2026-08-02 12:21:46;59;2026-08-02 12:29:03;53;2026-08-02 12:33:54;54;2026-08-02 12:39:24;34;2026-08-02 12:48:21;93;2026-08-02 12:57:08;30;2026-08-02 13:04:10;88;2026-08-02 13:09:07;50;2026-08-02 13:17:59;44;2026-08-02 13:23:54;36;2026-08-02 13:28:10;60;2026-08-02 13:35:59;48;2026-08-02 13:39:59;39;2026-08-02 13:50:06;38;2026-08-02 13:54:45;35;2026-08-02 13:59:39;240;2026-08-02 14:04:39
sfr;66 2E 56 D9 EC 59 02 E0 ;210;"Базунов Алексей";"1";OK;"79 б. за 1:57:39";241;2026-08-02 12:06:59;241;2026-08-02 12:06:59;56;2026-08-02 12:14:30;52;2026-08-02 12:21:49;59;2026-08-02 12:29:01;53;2026-08-02 12:33:52;54;2026-08-02 12:39:22;34;2026-08-02 12:48:17;93;2026-08-02 12:57:19;30;2026-08-02 13:04:14;88;2026-08-02 13:09:05;50;2026-08-02 13:18:01;44;2026-08-02 13:24:02;36;2026-08-02 13:28:16;60;2026-08-02 13:35:57;48;2026-08-02 13:39:54;39;2026-08-02 13:50:05;38;2026-08-02 13:54:40;35;2026-08-02 13:59:33;240;2026-08-02 14:04:38
sfr;50 30 56 D9 EC 59 02 E0 ;13;"Николаева Анна";"1";OK;"132 б. за 1:55:03";241;2026-08-02 12:07:49;241;2026-08-02 12:07:49;35;2026-08-02 12:13:34;47;2026-08-02 12:17:11;65;2026-08-02 12:21:36;101;2026-08-02 12:25:16;36;2026-08-02 12:34:21;44;2026-08-02 12:37:09;66;2026-08-02 12:42:49;32;2026-08-02 12:45:35;88;2026-08-02 12:50:20;72;2026-08-02 12:53:27;30;2026-08-02 12:57:23;93;2026-08-02 13:01:05;34;2026-08-02 13:04:43;48;2026-08-02 13:07:17;45;2026-08-02 13:11:11;50;2026-08-02 13:14:57;60;2026-08-02 13:17:22;38;2026-08-02 13:21:03;39;2026-08-02 13:23:52;33;2026-08-02 13:29:44;52;2026-08-02 13:33:29;59;2026-08-02 13:38:37;54;2026-08-02 13:42:06;53;2026-08-02 13:47:04;46;2026-08-02 13:51:31;67;2026-08-02 13:54:29;56;2026-08-02 14:00:46;240;2026-08-02 14:02:52
sfr;32 28 CF 2A 00 00 07 E0 ;19;"Тулупов Андрей";"1";OK;"78 б. за 1:59:00";241;2026-08-02 12:03:20;241;2026-08-02 12:03:20;56;2026-08-02 12:08:29;79;2026-08-02 12:15:59;67;2026-08-02 12:21:57;46;2026-08-02 12:27:57;71;2026-08-02 12:35:44;82;2026-08-02 12:41:34;61;2026-08-02 12:47:57;49;2026-08-02 12:56:04;53;2026-08-02 13:02:18;54;2026-08-02 13:09:40;40;2026-08-02 13:15:43;41;2026-08-02 13:22:25;34;2026-08-02 13:26:08;48;2026-08-02 13:30:48;39;2026-08-02 13:37:19;33;2026-08-02 13:45:44;240;2026-08-02 14:02:20
sfr;7C 45 52 9F DD 58 02 E0 ;5;"Зыкова Виктория";"1";OK;"169 б. за 1:51:07";241;2026-08-02 12:10:51;241;2026-08-02 12:10:51;56;2026-08-02 12:13:45;79;2026-08-02 12:16:46;67;2026-08-02 12:19:57;46;2026-08-02 12:22:20;71;2026-08-02 12:26:20;82;2026-08-02 12:29:30;61;2026-08-02 12:32:24;49;2026-08-02 12:36:15;53;2026-08-02 12:39:23;59;2026-08-02 12:41:49;54;2026-08-02 12:44:22;40;2026-08-02 12:47:24;41;2026-08-02 12:50:22;34;2026-08-02 12:52:25;48;2026-08-02 12:54:17;45;2026-08-02 12:58:11;93;2026-08-02 13:00:29;30;2026-08-02 13:03:49;72;2026-08-02 13:06:35;88;2026-08-02 13:08:37;32;2026-08-02 13:12:11;66;2026-08-02 13:14:16;50;2026-08-02 13:18:27;60;2026-08-02 13:20:07;44;2026-08-02 13:24:30;36;2026-08-02 13:27:09;101;2026-08-02 13:34:11;65;2026-08-02 13:38:16;47;2026-08-02 13:42:25;35;2026-08-02 13:45:55;39;2026-08-02 13:50:33;33;2026-08-02 13:53:34;52;2026-08-02 13:56:00;240;2026-08-02 14:01:58
sfr;EA E7 E5 2D 69 24 02 E0 ;12;"Наумова Полина";"1";OK;"169 б. за 1:51:08";241;2026-08-02 12:10:48;241;2026-08-02 12:10:48;56;2026-08-02 12:13:44;79;2026-08-02 12:16:38;67;2026-08-02 12:19:49;46;2026-08-02 12:22:22;71;2026-08-02 12:26:24;82;2026-08-02 12:29:34;61;2026-08-02 12:32:25;49;2026-08-02 12:36:16;53;2026-08-02 12:39:24;59;2026-08-02 12:41:45;54;2026-08-02 12:44:24;40;2026-08-02 12:47:21;41;2026-08-02 12:50:24;34;2026-08-02 12:52:24;48;2026-08-02 12:54:20;45;2026-08-02 12:58:08;93;2026-08-02 13:00:27;30;2026-08-02 13:03:52;72;2026-08-02 13:06:33;88;2026-08-02 13:08:43;32;2026-08-02 13:12:14;66;2026-08-02 13:14:18;50;2026-08-02 13:18:30;60;2026-08-02 13:20:10;44;2026-08-02 13:24:33;36;2026-08-02 13:27:13;101;2026-08-02 13:34:14;65;2026-08-02 13:38:08;47;2026-08-02 13:42:26;35;2026-08-02 13:45:57;39;2026-08-02 13:50:35;33;2026-08-02 13:53:32;52;2026-08-02 13:55:58;240;2026-08-02 14:01:56
sfr;48 2F 56 D9 EC 59 02 E0 ;110;"Соколова Юлия";"1";OK;"60 б. за 1:56:25";241;2026-08-02 12:04:17;241;2026-08-02 12:04:17;37;2026-08-02 12:14:20;55;2026-08-02 12:21:33;84;2026-08-02 12:45:08;78;2026-08-02 12:48:45;75;2026-08-02 13:03:59;20;2026-08-02 13:05:57;97;2026-08-02 13:15:16;58;2026-08-02 13:22:29;81;2026-08-02 13:38:33;68;2026-08-02 13:48:02;240;2026-08-02 14:00:42
sfr;75 6A 47 4C 20 5A 02 E0 ;203;"Мяльдзина Евгения";"1";OK;"37 б. за 1:47:46";241;2026-08-02 12:11:15;241;2026-08-02 12:11:15;35;2026-08-02 12:25:51;38;2026-08-02 12:34:29;39;2026-08-02 12:49:02;41;2026-08-02 13:06:04;34;2026-08-02 13:09:24;40;2026-08-02 13:22:37;52;2026-08-02 13:31:11;79;2026-08-02 13:44:59;56;2026-08-02 13:52:54;240;2026-08-02 13:59:01
sfr;52 2D 56 D9 EC 59 02 E0 ;204;"Мяльдзин Антон";"1";OK;"37 б. за 1:47:44";241;2026-08-02 12:11:18;241;2026-08-02 12:11:18;35;2026-08-02 12:25:54;38;2026-08-02 12:34:35;39;2026-08-02 12:49:06;41;2026-08-02 13:06:03;34;2026-08-02 13:09:32;40;2026-08-02 13:22:38;52;2026-08-02 13:31:08;79;2026-08-02 13:45:05;56;2026-08-02 13:52:56;240;2026-08-02 13:59:02
sfr;41 31 56 D9 EC 59 02 E0 ;184;"Зимина Стефания";"1";OK;"44 б. за 1:47:45";241;2026-08-02 12:03:35;241;2026-08-02 12:03:35;56;2026-08-02 12:10:00;79;2026-08-02 12:20:01;67;2026-08-02 12:26:27;46;2026-08-02 12:36:30;59;2026-08-02 12:51:47;54;2026-08-02 13:01:35;40;2026-08-02 13:11:35;52;2026-08-02 13:26:17;33;2026-08-02 13:35:10;240;2026-08-02 13:51:20
sfr;31 2F 56 D9 EC 59 02 E0 ;183;"Зимин Алексей";"1";OK;"44 б. за 1:48:00";241;2026-08-02 12:03:22;241;2026-08-02 12:03:22;56;2026-08-02 12:09:58;79;2026-08-02 12:19:59;67;2026-08-02 12:26:23;46;2026-08-02 12:36:28;59;2026-08-02 12:51:53;54;2026-08-02 13:01:33;40;2026-08-02 13:11:39;52;2026-08-02 13:26:20;33;2026-08-02 13:35:09;240;2026-08-02 13:51:22
sfr;67 32 CF 2A 00 00 07 E0 ;190;"Плыткевич Мария";"1";OK;"44 б. за 1:48:32";241;2026-08-02 12:03:25;241;2026-08-02 12:03:25;56;2026-08-02 12:10:08;79;2026-08-02 12:20:29;67;2026-08-02 12:26:31;46;2026-08-02 12:36:26;59;2026-08-02 12:51:37;54;2026-08-02 13:01:50;40;2026-08-02 13:11:49;52;2026-08-02 13:26:27;33;2026-08-02 13:35:12;240;2026-08-02 13:51:57
sfr;78 2B 56 D9 EC 59 02 E0 ;189;"Плыткевич Евгений";"1";OK;"44 б. за 1:48:25";241;2026-08-02 12:03:27;241;2026-08-02 12:03:27;56;2026-08-02 12:10:05;79;2026-08-02 12:20:58;67;2026-08-02 12:26:29;46;2026-08-02 12:36:24;59;2026-08-02 12:51:55;54;2026-08-02 13:01:53;40;2026-08-02 13:11:52;52;2026-08-02 13:26:30;33;2026-08-02 13:35:13;240;2026-08-02 13:51:52
sfr;8B 36 56 D9 EC 59 02 E0 ;185;"Крупин Евгений";"1";OK;"76 б. за 1:44:54";241;2026-08-02 12:03:11;241;2026-08-02 12:03:11;35;2026-08-02 12:10:31;47;2026-08-02 12:15:15;65;2026-08-02 12:21:20;101;2026-08-02 12:26:58;36;2026-08-02 12:40:39;44;2026-08-02 12:45:57;66;2026-08-02 12:57:30;50;2026-08-02 13:05:29;60;2026-08-02 13:09:26;39;2026-08-02 13:16:10;33;2026-08-02 13:21:48;52;2026-08-02 13:26:08;67;2026-08-02 13:33:03;79;2026-08-02 13:37:08;56;2026-08-02 13:44:36;240;2026-08-02 13:48:05
sfr;3A 32 56 D9 EC 59 02 E0 ;186;"Крупин Владимир";"1";OK;"76 б. за 1:44:48";241;2026-08-02 12:03:12;241;2026-08-02 12:03:12;35;2026-08-02 12:10:21;47;2026-08-02 12:15:04;65;2026-08-02 12:21:07;101;2026-08-02 12:27:11;36;2026-08-02 12:40:37;44;2026-08-02 12:45:44;66;2026-08-02 12:57:32;50;2026-08-02 13:05:17;60;2026-08-02 13:09:19;39;2026-08-02 13:16:02;33;2026-08-02 13:21:39;52;2026-08-02 13:25:58;67;2026-08-02 13:33:05;79;2026-08-02 13:36:46;56;2026-08-02 13:44:32;240;2026-08-02 13:48:00
sfr;6B 36 56 D9 EC 59 02 E0 ;194;"Финеева Ника";"1";OK;"41 б. за 1:43:46";241;2026-08-02 12:02:38;241;2026-08-02 12:02:38;56;2026-08-02 12:11:41;52;2026-08-02 12:21:31;40;2026-08-02 12:32:01;41;2026-08-02 12:41:47;34;2026-08-02 12:46:12;48;2026-08-02 12:52:25;38;2026-08-02 13:07:54;39;2026-08-02 13:13:27;33;2026-08-02 13:20:09;35;2026-08-02 13:28:21;47;2026-08-02 13:35:17;240;2026-08-02 13:46:24
sfr;5A 31 56 D9 EC 59 02 E0 ;193;"Финеев Дмитрий";"1";OK;"41 б. за 1:43:49";241;2026-08-02 12:02:32;241;2026-08-02 12:02:32;56;2026-08-02 12:12:09;52;2026-08-02 12:21:35;40;2026-08-02 12:31:57;41;2026-08-02 12:41:43;34;2026-08-02 12:46:10;48;2026-08-02 12:52:27;38;2026-08-02 13:07:50;39;2026-08-02 13:13:29;33;2026-08-02 13:20:11;35;2026-08-02 13:28:23;47;2026-08-02 13:35:14;240;2026-08-02 13:46:21
sfr;41 2D 56 D9 EC 59 02 E0 ;9;"Кобякова Оксана";"1";OK;"71 б. за 1:42:17";241;2026-08-02 12:03:56;241;2026-08-02 12:03:56;35;2026-08-02 12:14:11;38;2026-08-02 12:20:47;39;2026-08-02 12:26:45;60;2026-08-02 12:32:33;50;2026-08-02 12:36:32;45;2026-08-02 12:43:15;93;2026-08-02 12:48:28;34;2026-08-02 12:53:08;48;2026-08-02 12:57:35;41;2026-08-02 13:02:05;40;2026-08-02 13:10:45;54;2026-08-02 13:16:33;59;2026-08-02 13:21:48;52;2026-08-02 13:29:41;33;2026-08-02 13:34:55;56;2026-08-02 13:40:47;240;2026-08-02 13:46:13
sfr;53 1F 56 D9 EC 59 02 E0 ;4;"Гапунич Ксения";"1";OK;"51 б. за 1:09:37";241;2026-08-02 12:06:39;241;2026-08-02 12:06:39;35;2026-08-02 12:12:02;47;2026-08-02 12:15:56;36;2026-08-02 12:20:52;44;2026-08-02 12:23:32;66;2026-08-02 12:31:11;45;2026-08-02 12:38:22;50;2026-08-02 12:43:15;60;2026-08-02 12:46:46;39;2026-08-02 12:53:47;33;2026-08-02 13:00:45;52;2026-08-02 13:04:54;56;2026-08-02 13:13:11;240;2026-08-02 13:16:16


Результаты выгружены из SFR Reader https://sfrreader.github.io/updates.html